[{"model": "contenttypes.contenttype", "pk": 31, "fields": {"app_label": "admin", "model": "logentry"}}, {"model": "contenttypes.contenttype", "pk": 32, "fields": {"app_label": "auth", "model": "permission"}}, {"model": "contenttypes.contenttype", "pk": 33, "fields": {"app_label": "auth", "model": "group"}}, {"model": "contenttypes.contenttype", "pk": 34, "fields": {"app_label": "auth", "model": "user"}}, {"model": "contenttypes.contenttype", "pk": 35, "fields": {"app_label": "contenttypes", "model": "contenttype"}}, {"model": "contenttypes.contenttype", "pk": 36, "fields": {"app_label": "sessions", "model": "session"}}, {"model": "contenttypes.contenttype", "pk": 37, "fields": {"app_label": "website", "model": "locutor"}}, {"model": "contenttypes.contenttype", "pk": 38, "fields": {"app_label": "website", "model": "event"}}, {"model": "contenttypes.contenttype", "pk": 39, "fields": {"app_label": "website", "model": "subject"}}, {"model": "contenttypes.contenttype", "pk": 40, "fields": {"app_label": "website", "model": "speech"}}, {"model": "sessions.session", "pk": "1uharrkjmhq0f30vmc3u9b7pujx406ea", "fields": {"session_data": "ODQ3MGY2NWM5YzY2ZTMxY2QxNjJhNjViZWU2ZWRkZmUwMDk4MTM2ZTp7Il9hdXRoX3VzZXJfaGFzaCI6IjI5NDc0ZWRjNzYwNzNmNWE1YjYxZTIyMzJiMDhlNTY3NzAwMDBlZGMiLCJfYXV0aF91c2VyX2JhY2tlbmQiOiJkamFuZ28uY29udHJpYi5hdXRoLmJhY2tlbmRzLk1vZGVsQmFja2VuZCIsIl9hdXRoX3VzZXJfaWQiOiI5In0=", "expire_date": "2017-05-12T10:10:07.778Z"}}, {"model": "website.event", "pk": "H6yGiIFdDgM6", "fields": {"creator": "dPgrZrEkQkm6", "nb_max": 5, "participation": 0, "diffusion": 0, "event_date": "2016-11-14", "event_time": null, "event_place": "Saint Ferjus", "description": "Premi\u00e8re soir\u00e9e \u00e9loquence ever.", "reg_closed": true, "registration_until": 8, "subjects_distribution_date": 7, "collide": false}}, {"model": "website.event", "pk": "UinnY5jhWJTF", "fields": {"creator": "dPgrZrEkQkm6", "nb_max": 7, "participation": 0, "diffusion": 0, "event_date": "2017-03-08", "event_time": null, "event_place": "Saint Ferjus", "description": "", "reg_closed": true, "registration_until": 8, "subjects_distribution_date": 7, "collide": false}}, {"model": "website.event", "pk": "fw8F9lAgnr0U", "fields": {"creator": "dPgrZrEkQkm6", "nb_max": 4, "participation": 0, "diffusion": 0, "event_date": "2017-01-04", "event_time": null, "event_place": "Cours Berriat", "description": "", "reg_closed": true, "registration_until": 8, "subjects_distribution_date": 7, "collide": false}}, {"model": "website.subject", "pk": 29, "fields": {"author": "dPgrZrEkQkm6", "event": "H6yGiIFdDgM6", "text": "\u00ab La girafe ne peut raisonnablement e\u0302tre qu\u2019une pure invention d\u2019un esprit re\u0302veur, pour ne pas dire fou. \u00bb", "date": "2017-04-28T09:58:25.199Z"}}, {"model": "website.subject", "pk": 30, "fields": {"author": "dPgrZrEkQkm6", "event": "fw8F9lAgnr0U", "text": "For sale: baby shoes, never worn.", "date": "2017-04-28T09:59:49.641Z"}}, {"model": "website.subject", "pk": 31, "fields": {"author": "dPgrZrEkQkm6", "event": "UinnY5jhWJTF", "text": "\u00ab Je n'ai pas de sur-moi. \u00bb", "date": "2017-04-28T10:00:36.377Z"}}, {"model": "website.subject", "pk": 32, "fields": {"author": "u96sGFrqIghu", "event": "UinnY5jhWJTF", "text": "Qu'un sang impur abreuve nos sillons (pom pom pom).", "date": "2017-04-28T10:03:11.839Z"}}, {"model": "website.subject", "pk": 33, "fields": {"author": "u96sGFrqIghu", "event": "H6yGiIFdDgM6", "text": "Rene\u0301 Descartesbancaires de\u0301clare a\u0300 propos de notre socie\u0301te\u0301 contemporaine : \u00ab Je de\u0301pense donc je suis. \u00bb Partagez-vous son opinion ?", "date": "2017-04-28T10:03:50.557Z"}}, {"model": "website.subject", "pk": 34, "fields": {"author": "u96sGFrqIghu", "event": "fw8F9lAgnr0U", "text": "Minute de silence", "date": "2017-04-28T10:04:25.315Z"}}, {"model": "website.subject", "pk": 35, "fields": {"author": "hy9YvdcGtngi", "event": "H6yGiIFdDgM6", "text": "Albert Jacquard disait : \u00ab Les pense\u0301es, c\u2019est le contraire de l\u2019argent. Les partager, c\u2019est s\u2019enrichir. \u00bb", "date": "2017-04-28T10:05:17.076Z"}}, {"model": "website.subject", "pk": 36, "fields": {"author": "hy9YvdcGtngi", "event": "fw8F9lAgnr0U", "text": "Mieux vaut e\u0302tre saoul que con, c\u0327a dure moins longtemps.", "date": "2017-04-28T10:05:58.047Z"}}, {"model": "website.subject", "pk": 37, "fields": {"author": "hy9YvdcGtngi", "event": "UinnY5jhWJTF", "text": "Barcelone - Paris Saint-Germain", "date": "2017-04-28T10:06:31.170Z"}}, {"model": "website.subject", "pk": 38, "fields": {"author": "BfktJ2iTX5ua", "event": "H6yGiIFdDgM6", "text": "Tenir le rythme, c\u2019est s\u2019abstenir de temps en temps.", "date": "2017-04-28T10:07:06.281Z"}}, {"model": "website.subject", "pk": 39, "fields": {"author": "BfktJ2iTX5ua", "event": "fw8F9lAgnr0U", "text": "La pomme est a\u0300 la science ce qu\u2019Isaac Newton est a\u0300 la bande dessine\u0301e.", "date": "2017-04-28T10:07:26.209Z"}}, {"model": "website.subject", "pk": 40, "fields": {"author": "BfktJ2iTX5ua", "event": "UinnY5jhWJTF", "text": "C'est la piquette, Jacques !", "date": "2017-04-28T10:07:37.748Z"}}, {"model": "website.subject", "pk": 41, "fields": {"author": "B9H9Abpyzenh", "event": "H6yGiIFdDgM6", "text": "C\u2019est pas demain la veille.", "date": "2017-04-28T10:08:17.758Z"}}, {"model": "website.subject", "pk": 42, "fields": {"author": "g691XBCLg1hH", "event": "UinnY5jhWJTF", "text": "\u00ab Le ma\u00eetre est sans fouet, son esclave est sans cha\u00eenes \u00bb (Vald)", "date": "2017-04-28T10:08:56.958Z"}}, {"model": "website.subject", "pk": 43, "fields": {"author": "pdb6h9oWykaC", "event": "UinnY5jhWJTF", "text": "La vie est plus facile dans les Sims", "date": "2017-04-28T10:09:25.518Z"}}, {"model": "website.subject", "pk": 44, "fields": {"author": "YhD0ek3FVTtH", "event": "UinnY5jhWJTF", "text": "Des cours de jeux vid\u00e9os", "date": "2017-04-28T10:09:54.786Z"}}, {"model": "website.speech", "pk": "Dq2WFoz6R1hl", "fields": {"subject": 35, "speaker": "BfktJ2iTX5ua", "order": 5, "text": "", "audio": "", "date": "2017-04-28T10:05:17.078Z"}}, {"model": "website.speech", "pk": "GhIzpqt6gDFC", "fields": {"subject": 32, "speaker": "g691XBCLg1hH", "order": 6, "text": "", "audio": "", "date": "2017-04-28T10:03:11.851Z"}}, {"model": "website.speech", "pk": "SYMDDhzmUwez", "fields": {"subject": 36, "speaker": "hy9YvdcGtngi", "order": 3, "text": "", "audio": "", "date": "2017-04-28T10:05:58.051Z"}}, {"model": "website.speech", "pk": "SbJEQZJxn13c", "fields": {"subject": 38, "speaker": "u96sGFrqIghu", "order": 1, "text": "", "audio": "", "date": "2017-04-28T10:07:06.284Z"}}, {"model": "website.speech", "pk": "U6S9ekXuJ04l", "fields": {"subject": 40, "speaker": "u96sGFrqIghu", "order": 2, "text": "", "audio": "", "date": "2017-04-28T10:07:37.757Z"}}, {"model": "website.speech", "pk": "ULza7fTXePFE", "fields": {"subject": 41, "speaker": "B9H9Abpyzenh", "order": 2, "text": "", "audio": "", "date": "2017-04-28T10:08:17.760Z"}}, {"model": "website.speech", "pk": "Ug64Hz9wXYib", "fields": {"subject": 30, "speaker": "u96sGFrqIghu", "order": 4, "text": "", "audio": "", "date": "2017-04-28T09:59:49.650Z"}}, {"model": "website.speech", "pk": "WurfZvhOPHVq", "fields": {"subject": 29, "speaker": "dPgrZrEkQkm6", "order": 3, "text": "C\u2019est vrai. C\u2019est tout a\u0300 fait vrai. La girafe est force\u0301ment l\u2019invention d\u2019un re\u0302veur ou d'un fou. C\u2019est extre\u0302mement et comple\u0300tement vrai. Maintenant que j\u2019ai traite\u0301 le sujet, laissez-moi vous raconter une histoire. C\u2019est une histoire qu\u2019un ami a\u0300 moi m\u2019a raconte\u0301, un ami de la haute socie\u0301te\u0301, que vous connaissez sans doute, je l\u2019ai probablement de\u0301ja\u0300 mentionne\u0301 devant vous. Un jour donc, Edgar, car c\u2019est, certain d\u2019entre vous l\u2019avait peut-e\u0302tre devine\u0301, bien Edgar dont il s\u2019agit, arrive vers moi, et me dit \u201cEh - oui car il faut savoir qu\u2019Edgar, bien que fils de bonne famille, tente tant bien que mal de se fondre dans la masse, dans la populasse et en plus dans sa besace il a un essuie-glace, allez savoir pourquoi ; et donc il initie ou ponctue souvent ses phrases par des palabres familie\u0300res ou bobo, par des onomatope\u0301es, bref par quelques micro-expressions qui la foutent mal putain, dans un discours d\u2019e\u0301loquence -, il faut que je te raconte un truc cong.\u201d Oui, parce qu\u2019Edgar, parfois, s\u2019invente aussi un accent soi-disant toulousain, et qui en re\u0301alite\u0301 aurait toutes ses chances dans un concours de niaiserie, comme dirait le fre\u0300re de quelqu\u2019un. Et alors il commence a\u0300 me raconter. \u00ab Un samedi d\u2019antan, me dit-il, je marchais. Je marchais dans le quartier des antiquaires, ce fameux quartier ou\u0300, deux fois par mois au moins, un pote a\u0300 moi va faire le tour des stands a\u0300 la brocante dominicale afin d\u2019y de\u0301nicher, il espe\u0300re, le fameux tire-bouchon ZigZag qui a fait la gloire des repas de famille arrose\u0301s de la premie\u0300re moitie\u0301 du sie\u0300cle dernier et auxquels, bien su\u0302r, ses ance\u0302tres n\u2019e\u0301taient pas convie\u0301s. Je marchais, donc, dans la rue, quand soudain. \u00bb Soudain quoi ? m\u2019empressais-je de lu demander. \u00ab Quand soudaing je me suis fait couper la parole par une question idiote, cong. Non, quand soudain j\u2019ai vu cette affiche. Une affiche au fond rouge orange\u0301, avec une girafe, la te\u0302te un peu penche\u0301e, qui me regardait comme c\u0327a. \u00bb Mon regard interrogateur, car parfois je troque mon regard myste\u0301rieux, te\u0301ne\u0301breux comme m\u2019a dit un jour quelqu\u2019un d\u2019autre, mais c\u2019est une autre histoire, l\u2019incite a\u0300 donner de plus amples explications. \u00ab Rien d\u2019autre que la girafe qui me regardait, et un titre : \u201cLe mythe de la girafe : et vous, vous y croyez ?\u201d Pas un logo, pas un lien vers un site de commerce e\u0301lectronique, pas une adresse courriel, pas une marque, rien. \u00bb Alors, e\u0301videmment, je lui demande qui a bien pu mettre cette affiche ici, et avec quelle motivation ? Car nous sommes dans un monde totalement utilitaire, c\u2019est e\u0301vident. Donc, cette affiche, comme dirait Marcel Proust, mais je la fait courte car je n\u2019ai que cinq minutes, a ne\u0301cessairement une raison d\u2019e\u0302tre. Le parfum, disait sur le me\u0302me the\u0300me Pacco Rabane, n\u2019a pas de raison d\u2019e\u0302tre, il a une e\u0301motion d\u2019e\u0302tre. Car s\u2019il avait une raison d\u2019e\u0302tre, ce serait un de\u0301odorant. Eh bien la\u0300, c\u2019est pareil. Si l\u2019affiche n\u2019avait pas de raison d\u2019e\u0302tre, ce serait un de\u0301odorant. Or ce n\u2019est pas un de\u0301odorant, puisque c\u2019est une affiche. Bref. J\u2019ai passe\u0301 beaucoup de temps a\u0300 me demander ce que pouvait bien signifier cette affiche. Une e\u0301nie\u0300me the\u0301orie du complot ? Les girafes seraient une manigance, une conspiration ? Mais de qui ? Et dans quel but ? Car nous sommes dans un monde totalement utilitaire, non c\u0327a je l\u2019ai de\u0301ja\u0300 dit. En tout cas, il est e\u0301vident que les girafes existent. Enfin ... elle a un cou sacre\u0301ment long quand me\u0302me. En me\u0302me temps, si on regarde les animaux de la savane. Le ze\u0300bre hein ? Dont on ne sait me\u0302me pas si le pelage est noir ou blanc. Et l\u2019e\u0301le\u0301phant, avec sa gigantesque trompe qui peut vider un e\u0301tang, et qui pe\u0300se plus lourd que Carlos. Bon, son cou est anormalement long me\u0302me. Mais, et le gue\u0301pard, qui est capable de courir plus vite que l\u2019hydropte\u0300re ne vogue. Et le rhinoce\u0301ros, avec sa corne si puissante qu\u2019elle soule\u0300ve un e\u0301le\u0301phant ? Bon, peut-e\u0302tre pas quand me\u0302me, j\u2019exage\u0300re. Et le rhinoce\u0301ros, avec sa corne si puissante qu\u2019elle soule\u0300ve un Carlos. Bon, c\u2019est vrai que le cou de la girafe est fabuleusement long. Mais le came\u0301le\u0301on, qui peut changer de chemise aussi vite ou presque que Jacques Chirac. Mais quand me\u0302me la girafe ... Un cou tellement long qu\u2019elle peut voir au dessus des nuages. C\u2019est douteux quand me\u0302me, non ?", "audio": "", "date": "2017-04-28T09:58:25.201Z"}}, {"model": "website.speech", "pk": "f06hTLg2ZIgQ", "fields": {"subject": 42, "speaker": "hy9YvdcGtngi", "order": 4, "text": "", "audio": "", "date": "2017-04-28T10:08:56.959Z"}}, {"model": "website.speech", "pk": "hUvzMTQBNTu4", "fields": {"subject": 34, "speaker": "dPgrZrEkQkm6", "order": 2, "text": "Ce soir, je dois vous parler pendant cinq minutes a\u0300 propos d\u2019une minute silence ... C\u2019est vraiment un sujet merdique. C\u2019est pourquoi je tiens tout d\u2019abord a\u0300 en remercier l\u2019auteur qui a trouve\u0301 la\u0300 une belle combine, il faut bien le reconnai\u0302tre, pour me clouer le bec. Avec un peu de chance, pendant une minute au moins. Ce serait de\u0301ja\u0300 pas mal.\r\nParler cinq minutes de silence, c\u0327a a tout de l\u2019oxyde oxymore, mort et enterre\u0301 d\u2019ailleurs. On ferait bien mieux, a\u0300 mon avis, d\u2019e\u0301couter pluto\u0302t pendant ces cinq minutes, ce que le silence, ce silence si e\u0301loquent, si loquace et par ailleurs si lent, souhaiterait nous dire. Oui mais voila\u0300. Savoir se taire est un art. Pour fabriquer une minute de silence, c\u2019est parfois des heures de pre\u0301paration. Il en faut, des ingre\u0301dients. Ingrats ingre\u0301dients, oh non pas qu\u2019ils soient gras, ni indigents, mais de\u0301gradants, parfois, a\u0300 leur gre\u0301, diantre, ou me\u0302me au mien, un brin gringalets (sur le sable). Mais me\u0302me avec les bons ingre\u0301dients, il arrive que le silence ne prenne pas. En fait, et je vous dis c\u0327a du haut de ma modeste expe\u0301rience d\u2019apprenti taciturne, les silences les plus e\u0301loquents que j\u2019ai eu l\u2019occasion de co\u0302toyer sont tous ne\u0301s de concours. Des concours contre le bruit, des concours de circonstances, des cons courent pendant que d\u2019autres marchent. Mais jamais de concours d\u2019e\u0301loquence. Voila\u0300 pourquoi c\u2019est vraiment un sujet merdique. Il aura au moins le me\u0301rite de vous faire taire cinq minutes.\r\nPour le traiter quand me\u0302me, je voudrais vous pre\u0301senter, si vous le voulez bien, minute de silence pre\u0301fe\u0301re\u0301e. Mais d\u2019abord, soyons avertis. Soyons pre\u0301venus. Soyons pervertis et soyons avenus. Je vous parle ici de minute de silence mais, comme on peut s\u2019y attendre, a\u0300 tendre vers la minute, certes, mais n\u2019eut-il pas e\u0301te\u0301 pre\u0301fe\u0301rable, le cas e\u0301che\u0301ant, de s\u2019affranchir se\u0301ance tenante de cette contrainte temporelle, comme on peut s\u2019y attendre donc, les minutes de silence peuvent ne durer que quelques secondes, ou des heures entie\u0300res. Mais ces minutes, tout de me\u0302me, car je ne suis pas comple\u0300tement un marchand de Bernard Tapis non plus (non non non), sont a\u0300 chaque fois constitue\u0301es d\u2019un silence des plus assourdissants. Laissez-moi en partager une avec vous, donc.\r\nCette minute, anne\u0301e apre\u0300s anne\u0301e, moi, elle continue, dans mes nuits, de me seconder et de s\u2019y e\u0301clairer. Mille e\u0301nergume\u0300nes vous l\u2019ont peut-e\u0302tre de\u0301ja\u0300 conte\u0301e. (Petites parenthe\u0300se : ces deux phrases ne servent franchement a\u0300 rien dans la narration, mais elles contiennent plusieurs unite\u0301s temporelles subtilement dissimule\u0301es dans des jeux de mots plus ou moins adroits. Fin de parenthe\u0300se.) Mais sa poe\u0301sie est telle qu\u2019elle me\u0301rite qu\u2019on la re\u0301cite, pose\u0301e, ici, une fois de plus au moins. Certainement. Alors j\u2019y vais. Vous vous souvenez peut-e\u0302tre de Michael. Certains d\u2019entre vous se souviennent-ils de ce franc\u0327ais expatrie\u0301 au pays du Coca-Cola et du Cine\u0301ma-chewing-gum ? Le cadre chez Volkswagen, a\u0300 Houston. En fait, ce n\u2019est pas lui dont je parle. Oh, le lien est facile, et c\u2019est sans doute la raison pour laquelle vous vous e\u0302tes me\u0301pris, peut-e\u0302tre, opprime\u0301s que vous e\u0301tiez. Car le Michael dont je vous parle a bien e\u0301te\u0301 a\u0300 Houston. Il en est me\u0302me parti. Pas en Volkswagun, non, c\u2019est bien trop long pour aller sur la Lune. Lui est parti en fuse\u0301e, un 16 juillet 1969. (Alors la\u0300 il y a une petite liberte\u0301 de narration prise sur la re\u0301alite\u0301, car comme vous le savez les fuse\u0301es ne de\u0301collent pas de Houston mais de Cap Canaveral. Houston e\u0301tant le centre de contro\u0302le des missions de la Nasa.) Bref, ce Michael, c\u2019est le troisie\u0300me homme de la mission Apollo 11. L\u2019homme que personne n\u2019a retenu de la mission dont le monde entier se souvient. Michael Collins. Et pourtant ... Pourtant il a ve\u0301cu la minute de silence la plus silencieuse, probablement, qu\u2019un homme n\u2019ait jamais connue. Car pendant qu\u2019Armstrong, le trompettiste, e\u0301tait devant sa te\u0301le\u0301 (car c\u2019est bien Ray Charles qui e\u0301tait noir et aveugle, j\u2019ai ve\u0301rifie\u0301), car pendant qu\u2019Armstrong, le cycliste, e\u0301tait encore a\u0300 l\u2019e\u0301tat de projet, car pendant qu\u2019Armstrong, l\u2019astronaute, s\u2019e\u0301chinait a\u0300 poser proprement un tas de 15 tonnes de ferraille a\u0300 la main sur la mer de la tranquillite\u0301, sans boue\u0301e, Collins lui, e\u0301tait reste\u0301 en orbite autour de la Lune, seul au monde. Pendant huit minutes, il est passe\u0301 de l\u2019autre co\u0302te\u0301 de la Lune. Aucun contact possible, ni avec le module lunaire plein de terre qui tombait a\u0300 l\u2019eau, ni avec la Terre pleine d\u2019eau et modulaire. Cette minute-la\u0300, de huit minutes, vaut a\u0300 mon sens toutes les heures de bruit.\r\nJe voudrais finir en vous disant ceci. C\u2019e\u0301tait vraiment un sujet merdique. Alors, je conclurai en reprenant ce que mon professeur de latin de troisie\u0300me pour me faire taire, car il est bien temps de\u0301sormais : \u00ab de Goe\u0308r, ta gueule \u00bb. Je me tais.", "audio": "", "date": "2017-04-28T10:04:25.318Z"}}, {"model": "website.speech", "pk": "lwZzXPq9lIKG", "fields": {"subject": 43, "speaker": "BfktJ2iTX5ua", "order": 5, "text": "", "audio": "", "date": "2017-04-28T10:09:25.526Z"}}, {"model": "website.speech", "pk": "nHy4Oo0RgEsQ", "fields": {"subject": 33, "speaker": "hy9YvdcGtngi", "order": 4, "text": "", "audio": "", "date": "2017-04-28T10:03:50.566Z"}}, {"model": "website.speech", "pk": "pwZkXXx1jY9t", "fields": {"subject": 39, "speaker": "BfktJ2iTX5ua", "order": 1, "text": "", "audio": "", "date": "2017-04-28T10:07:26.212Z"}}, {"model": "website.speech", "pk": "qVNtVR9dI3Fa", "fields": {"subject": 44, "speaker": "dPgrZrEkQkm6", "order": 3, "text": "Mesdames, Messieurs. Baptiste. Aujourd\u2019hui, je vais vous raconter l\u2019histoire d\u2019un pote d\u2019Edgar, qui s\u2019appelle Jackie, et qu\u2019on surnomme parfois Jack-La-Bre\u0302le-de-Bruxelles. En fait, Jackie n\u2019existe pas encore, mais je me propose, avec vous, de construire son personnage au fur et a\u0300 mesure, comme c\u0327a vient, afin d\u2019appuyer un discours qui, comme vous le verrez, en a bien besoin.\r\n\r\nSon physique, d\u2019abord. Jackie est assez long, tre\u0300s mince et, comme aimerait a\u0300 le dire Jean Lassale, assez profonde\u0301ment inerte, et donc tre\u0300s lourd. Il a d\u2019immenses cernes sous les yeux, le teint pa\u0302le, les cheveux gras, donnons a\u0300 Jackie, ne nous ge\u0302nons pas, le physique de l\u2019emploi. Comme certains ici, il a un petit rembourre\u0301 au dessous du nombril, mais c\u0327a ne se remarque pas tout a\u0300 fait.\r\n\r\nAfin de traiter le sujet, disons qu\u2019il est e\u0301tudiant en jeux vide\u0301os. Je l\u2019aurais pre\u0301fe\u0301re\u0301 mai\u0302tre sans ge\u0302ne ou fou qui s\u2019esclaffe, mais Baptiste en a de\u0301cide\u0301 autrement. Re\u0301signons-nous. (Et attendons de voir comment il se de\u0301brouille avec mon sujet.) C\u2019est vrai que la vie d\u2019un e\u0301tudiant en jeux vide\u0301os, probablement, n\u2019est pas tre\u0300s captivante. Alors que Sartre, car je suis su\u0302r qu\u2019il aura releve\u0301 l\u2019origine de la citation qui fait son sujet du jour, mais n\u2019anticipons pas (et ne polissons pas non plus), il y en a des choses a\u0300 dire sur Sartre. (Ce subtil tacle a\u0300 l\u2019auteur de mon sujet, je tiens a\u0300 le pre\u0301ciser, tient en effet lieu de retour de ba\u0302ton.)\r\n\r\nRevenons a\u0300 Jackie. A\u0300 six ans, certains enfants bien e\u0301leve\u0301s ont lu le petit prince, Jackie lui, illustrant parfaitement l\u2019ensemble de la ge\u0301ne\u0301ration Azerty, du triangle-croix-triangle et de la WiiMote, pre\u0301fe\u0301rait de\u0301ja\u0300 passer ses nuits sur Age Of Empire pluto\u0302t que de lire l\u2019oeuvre de Marc Le\u0301vi, ce grand auteur contemporain, dernier vestige de l\u2019he\u0301ritage de Camus, Sartre et Annie Cordi. Plus grand, Jackie inte\u0301gra une e\u0301cole de jeux vide\u0301os, en Camargue. Il y a rencontre\u0301 son premier pote, razordu70, qui depuis s\u2019est re\u0301oriente\u0301 vers des e\u0301tudes en physique des particules de nom de famille. A\u0300 l\u2019e\u0301cole, on enseigna a\u0300 Jackie l\u2019art de faire rapidement ses emplettes au de\u0301but des parties de Counter Strike (b-1-4 pour acheter un Deagle, par exemple), et celle de capturer Mew dans Poke\u0301mon version bleue. Bref, Jackie y apprit les fondamentaux de la vie virtuelle. Il e\u0301tait d\u2019ailleurs pluto\u0302t doue\u0301, avec un clavier et une souris.\r\n\r\nMais il faut dire ce qui est, depuis ses e\u0301tudes, Jackie n\u2019est plus le me\u0302me. D\u2019abord, il s\u2019est isole\u0301 de la socie\u0301te\u0301 dont il n\u2019e\u0301tait de\u0301ja\u0300 qu\u2019un compagnon de route silencieux. Il s\u2019est mis a\u0300 vivre dans une cabane, haut, tre\u0300s haut perche\u0301, dans les arbres. Un jour, je lui ai demande\u0301 pourquoi. Il n\u2019y avait pourtant pas internet, la\u0300-haut, et je me demandais bien comment il faisait pour pinguer les serveurs de HeartStone ou pour mettre a\u0300 jour Steam ? Il m\u2019a re\u0301pondu que la vie e\u0301tait plus facile dans la cime des arbres que sur la terre ferme. Je me\u0301dite toujours.\r\n\r\nEnsuite, il a perdu le gou\u0302t des choses. Enfin, il est toujours capable d\u2019appre\u0301cier un joli headshot au sniper sur un adversaire en mouvement, e\u0301videmment. Mais je ne peux m\u2019empe\u0302cher, par exemple, a\u0300 chaque fois qu\u2019il se sent oblige\u0301 de venir les mains pleines d\u2019une bouteille de villageoise a\u0300 une soire\u0301e BroForce, de lui faire remarquer que \u00ab ton vin, c\u2019est de la piquette, Jack ! \u00bb. Et voila\u0300 pourquoi mon personnage s\u2019appelle Jackie. Alors je le jette, son vin, et je sors une bouteille d\u2019e\u0301thanol tout frai\u0302chement distille\u0301 avec un distillateur a\u0300 eau de dentiste, disponible sur Ebay pour moins de 80\u20ac, frais de port compris. L\u2019alcool a\u0300 ce titrage, a\u0300 cent, c\u2019est pur, c\u0327a abreuve nos siphons. En dec\u0327a\u0300, c\u2019est de la roupille de sansonnet, je n\u2019y touche pas.\r\n\r\nAutre sympto\u0302me de sa vie de\u0301vaste\u0301e, il ne se nourrit plus. En proie a\u0300 la faim, il m\u2019appela un jour pour se plaindre de son e\u0301tat. Je lui ai alors conseille\u0301 d\u2019aller se faire cuire un oeuf, car j\u2019e\u0301tais aux armes avec les gardes de la cite\u0301 impe\u0301riale qui m\u2019avaient vu voler une dague chez l\u2019armurier, et je n\u2019avais pas sauvegarde\u0301. Il me re\u0301pondit, preuve qu\u2019il e\u0301tait totalement de\u0301connecte\u0301 de la re\u0301alite\u0301 culinaire : Je n\u2019ai pas d\u2019oeuf sur moi.\r\n\r\nEnfin, Jackie n\u2019est plus inte\u0301resse\u0301 par l\u2019actualite\u0301. C\u2019est un fait. L\u2019autre jour encore, je lui racontais comment le pre\u0301sident de l\u2019Assemble\u0301e Nationale s\u2019e\u0301tait fait prendre la main dans le sac en train de jouer au bookmaker dans un combat d\u2019orang-outans a\u0300 Munich. C\u2019e\u0301tait de partout dans la presse : \u00ab Bartelone prend les paris sur le singe germain \u00bb, titrait Le Monde. Jackie n\u2019en avait pas entendu parler.\r\n\r\nJe conclurai, car encore une fois il est temps, et j\u2019arrive a\u0300 court de jeux vide\u0301os, en vous disant ceci, par ce jeu de mots moisi. Dans ma vie, je vis des hauts, en regardant les enfants qui courent acheter des jeux vides de he\u0301ros, et des bas, entre les de\u0301bats, alors que le cours des jeux vide\u0301o et des de\u0301os avides s\u2019enfoncent. Game Over.", "audio": "", "date": "2017-04-28T10:09:54.793Z"}}, {"model": "website.speech", "pk": "sAZu3M60febR", "fields": {"subject": 37, "speaker": "pdb6h9oWykaC", "order": 1, "text": "", "audio": "", "date": "2017-04-28T10:06:31.178Z"}}, {"model": "website.speech", "pk": "tukAyRuCXEdx", "fields": {"subject": 31, "speaker": "YhD0ek3FVTtH", "order": 7, "text": "", "audio": "", "date": "2017-04-28T10:00:36.381Z"}}, {"model": "auth.permission", "pk": 91, "fields": {"name": "Can add log entry", "content_type": 31, "codename": "add_logentry"}}, {"model": "auth.permission", "pk": 92, "fields": {"name": "Can change log entry", "content_type": 31, "codename": "change_logentry"}}, {"model": "auth.permission", "pk": 93, "fields": {"name": "Can delete log entry", "content_type": 31, "codename": "delete_logentry"}}, {"model": "auth.permission", "pk": 94, "fields": {"name": "Can add permission", "content_type": 32, "codename": "add_permission"}}, {"model": "auth.permission", "pk": 95, "fields": {"name": "Can change permission", "content_type": 32, "codename": "change_permission"}}, {"model": "auth.permission", "pk": 96, "fields": {"name": "Can delete permission", "content_type": 32, "codename": "delete_permission"}}, {"model": "auth.permission", "pk": 97, "fields": {"name": "Can add group", "content_type": 33, "codename": "add_group"}}, {"model": "auth.permission", "pk": 98, "fields": {"name": "Can change group", "content_type": 33, "codename": "change_group"}}, {"model": "auth.permission", "pk": 99, "fields": {"name": "Can delete group", "content_type": 33, "codename": "delete_group"}}, {"model": "auth.permission", "pk": 100, "fields": {"name": "Can add user", "content_type": 34, "codename": "add_user"}}, {"model": "auth.permission", "pk": 101, "fields": {"name": "Can change user", "content_type": 34, "codename": "change_user"}}, {"model": "auth.permission", "pk": 102, "fields": {"name": "Can delete user", "content_type": 34, "codename": "delete_user"}}, {"model": "auth.permission", "pk": 103, "fields": {"name": "Can add content type", "content_type": 35, "codename": "add_contenttype"}}, {"model": "auth.permission", "pk": 104, "fields": {"name": "Can change content type", "content_type": 35, "codename": "change_contenttype"}}, {"model": "auth.permission", "pk": 105, "fields": {"name": "Can delete content type", "content_type": 35, "codename": "delete_contenttype"}}, {"model": "auth.permission", "pk": 106, "fields": {"name": "Can add session", "content_type": 36, "codename": "add_session"}}, {"model": "auth.permission", "pk": 107, "fields": {"name": "Can change session", "content_type": 36, "codename": "change_session"}}, {"model": "auth.permission", "pk": 108, "fields": {"name": "Can delete session", "content_type": 36, "codename": "delete_session"}}, {"model": "auth.permission", "pk": 109, "fields": {"name": "Can add locutor", "content_type": 37, "codename": "add_locutor"}}, {"model": "auth.permission", "pk": 110, "fields": {"name": "Can change locutor", "content_type": 37, "codename": "change_locutor"}}, {"model": "auth.permission", "pk": 111, "fields": {"name": "Can delete locutor", "content_type": 37, "codename": "delete_locutor"}}, {"model": "auth.permission", "pk": 112, "fields": {"name": "Can add event", "content_type": 38, "codename": "add_event"}}, {"model": "auth.permission", "pk": 113, "fields": {"name": "Can change event", "content_type": 38, "codename": "change_event"}}, {"model": "auth.permission", "pk": 114, "fields": {"name": "Can delete event", "content_type": 38, "codename": "delete_event"}}, {"model": "auth.permission", "pk": 115, "fields": {"name": "Can add subject", "content_type": 39, "codename": "add_subject"}}, {"model": "auth.permission", "pk": 116, "fields": {"name": "Can change subject", "content_type": 39, "codename": "change_subject"}}, {"model": "auth.permission", "pk": 117, "fields": {"name": "Can delete subject", "content_type": 39, "codename": "delete_subject"}}, {"model": "auth.permission", "pk": 118, "fields": {"name": "Can add speech", "content_type": 40, "codename": "add_speech"}}, {"model": "auth.permission", "pk": 119, "fields": {"name": "Can change speech", "content_type": 40, "codename": "change_speech"}}, {"model": "auth.permission", "pk": 120, "fields": {"name": "Can delete speech", "content_type": 40, "codename": "delete_speech"}}, {"model": "auth.user", "pk": 9, "fields": {"password": "pbkdf2_sha256$30000$K1YjZqnEQsmt$h8ibUu0969Qh8oeOE6Cz2pI3zHPJ3f1VI9nDxID3C4M=", "last_login": "2017-04-28T10:10:07.776Z", "is_superuser": false, "username": "@_Frky", "first_name": "", "last_name": "", "email": "", "is_staff": false, "is_active": true, "date_joined": "2017-04-28T09:55:52.608Z", "groups": [], "user_permissions": []}}, {"model": "auth.user", "pk": 10, "fields": {"password": "pbkdf2_sha256$30000$qxzb4TZqjjDL$MxCyw/NuDlOnHXlW+wEXYfdQ4ROAeD0vO9b8YL/khWM=", "last_login": "2017-04-28T10:01:10.079Z", "is_superuser": false, "username": "Val", "first_name": "", "last_name": "", "email": "", "is_staff": false, "is_active": true, "date_joined": "2017-04-28T10:01:09.663Z", "groups": [], "user_permissions": []}}, {"model": "auth.user", "pk": 11, "fields": {"password": "pbkdf2_sha256$30000$Gh6DXBWucjto$Fc7IWR2e59qU/qtoepJC6x92xlKR0U6CxTCEU4RqcQ4=", "last_login": "2017-04-28T10:04:51.315Z", "is_superuser": false, "username": "Laura", "first_name": "", "last_name": "", "email": "", "is_staff": false, "is_active": true, "date_joined": "2017-04-28T10:04:50.862Z", "groups": [], "user_permissions": []}}, {"model": "auth.user", "pk": 12, "fields": {"password": "pbkdf2_sha256$30000$cuD6WtZFvQ7F$fw3ngY4PxNgxkSHCnB3s/Y6raA2CSYS0eNesUxO+x8c=", "last_login": "2017-04-28T10:06:41.975Z", "is_superuser": false, "username": "Mathieu", "first_name": "", "last_name": "", "email": "", "is_staff": false, "is_active": true, "date_joined": "2017-04-28T10:06:41.502Z", "groups": [], "user_permissions": []}}, {"model": "auth.user", "pk": 13, "fields": {"password": "pbkdf2_sha256$30000$IoOjUVKX6COl$xnszsegNon+FHg6gHfJN5DbVeeseoj0kiByJRIC6FSw=", "last_login": "2017-04-28T10:07:50.656Z", "is_superuser": false, "username": "Blef", "first_name": "", "last_name": "", "email": "", "is_staff": false, "is_active": true, "date_joined": "2017-04-28T10:07:50.207Z", "groups": [], "user_permissions": []}}, {"model": "auth.user", "pk": 14, "fields": {"password": "pbkdf2_sha256$30000$sPy9Y0fNzxXv$7WFaPZYvuYTJKWJrprYAJ2qlNi86Vv66NlIRzW1YSSY=", "last_login": "2017-04-28T10:08:43.139Z", "is_superuser": false, "username": "Etienne", "first_name": "", "last_name": "", "email": "", "is_staff": false, "is_active": true, "date_joined": "2017-04-28T10:08:42.662Z", "groups": [], "user_permissions": []}}, {"model": "auth.user", "pk": 15, "fields": {"password": "pbkdf2_sha256$30000$B8FJnKZyLkFA$4psGM24VIV+4nfg26TS/1QIqQt4TifvLfFkKatNqYN8=", "last_login": "2017-04-28T10:09:10.094Z", "is_superuser": false, "username": "Justine", "first_name": "", "last_name": "", "email": "", "is_staff": false, "is_active": true, "date_joined": "2017-04-28T10:09:09.621Z", "groups": [], "user_permissions": []}}, {"model": "auth.user", "pk": 16, "fields": {"password": "pbkdf2_sha256$30000$qTcMbJU3wcqG$bPho7OvTMgcld5hu0GjRYO9I0bzKIWmT445IDdVK0+o=", "last_login": "2017-04-28T10:09:43.177Z", "is_superuser": false, "username": "Baptiste", "first_name": "", "last_name": "", "email": "", "is_staff": false, "is_active": true, "date_joined": "2017-04-28T10:09:42.683Z", "groups": [], "user_permissions": []}}, {"model": "website.locutor", "pk": "B9H9Abpyzenh", "fields": {"user": 13, "friends": []}}, {"model": "website.locutor", "pk": "BfktJ2iTX5ua", "fields": {"user": 12, "friends": []}}, {"model": "website.locutor", "pk": "YhD0ek3FVTtH", "fields": {"user": 16, "friends": []}}, {"model": "website.locutor", "pk": "dPgrZrEkQkm6", "fields": {"user": 9, "friends": []}}, {"model": "website.locutor", "pk": "g691XBCLg1hH", "fields": {"user": 14, "friends": []}}, {"model": "website.locutor", "pk": "hy9YvdcGtngi", "fields": {"user": 11, "friends": []}}, {"model": "website.locutor", "pk": "pdb6h9oWykaC", "fields": {"user": 15, "friends": []}}, {"model": "website.locutor", "pk": "u96sGFrqIghu", "fields": {"user": 10, "friends": []}}]